{"stats":{"minecraft:killed":{"undead_revamp2:bomber":1,"minecraft:sheep":1,"alexsmobs:terrapin":1,"naturalist:bass":1},"minecraft:used":{"minecraft:cooked_mutton":1,"minecraft:stone_pickaxe":115,"minecraft:wooden_pickaxe":14,"minecraft:dirt":5,"minecraft:crafting_table":3,"minecraft:wooden_axe":13,"minecraft:stone_axe":126,"minecraft:furnace":1,"alexsmobs:animal_dictionary":1,"tombstone:gift":2},"minecraft:mined":{"luminousworld:grassvariant_4":5,"minecraft:jungle_leaves":23,"minecraft:crafting_table":3,"minecraft:grass_block":21,"luminousworld:clovers_4":1,"minecraft:dead_bush":1,"iceandfire:fire_lily":1,"luminousworld:clovers_2":1,"minecraft:sugar_cane":30,"minecraft:magma_block":1,"luminousworld:clovers_1":1,"minecraft:furnace":1,"minecraft:fire":10,"minecraft:grass":68,"minecraft:oak_log":18,"minecraft:flowering_azalea_leaves":1,"minecraft:vine":4,"ecologics:azalea_log":1,"ecologics:flowering_azalea_log":1,"minecraft:dirt":9,"luminousworld:groundpebbles_2":5,"minecraft:azalea_leaves":1,"minecraft:bamboo":1,"luminousworld:decorative_brown_2":1,"quark:crimson_chest":1,"minecraft:stone_bricks":1,"minecraft:stone":42,"minecraft:netherrack":5,"minecraft:oak_leaves":4,"minecraft:fern":27,"luminousworld:creepbush":3},"minecraft:killed_by":{"undead_revamp2:the_moonflower":1},"minecraft:picked_up":{"quark:crimson_chest":1,"ecologics:flowering_azalea_log":1,"luminousworld:groundpebbles_1":6,"minecraft:magma_block":1,"minecraft:crafting_table":3,"luminousworld:decorative_brown_2":1,"iceandfire:fire_lily":1,"minecraft:oak_log":18,"minecraft:dirt":27,"naturalist:bass":1,"minecraft:stone_bricks":1,"minecraft:wheat_seeds":11,"minecraft:stone_pickaxe":3,"minecraft:jungle_sapling":1,"minecraft:azalea":1,"minecraft:bamboo":11,"minecraft:sugar_cane":54,"minecraft:flowering_azalea":1,"minecraft:furnace":1,"luminousworld:clovers_1":3,"ecologics:azalea_log":1,"luminousworld:creepberries":3,"alexsmobs:animal_dictionary":1,"minecraft:rotten_flesh":1,"minecraft:stone_axe":2,"minecraft:oak_sapling":1,"minecraft:netherrack":3,"minecraft:mutton":1,"minecraft:white_wool":1,"minecraft:cobblestone":42},"minecraft:dropped":{"minecraft:stone_axe":2,"alexsmobs:animal_dictionary":1,"minecraft:stone_pickaxe":3},"minecraft:custom":{"minecraft:interact_with_furnace":1,"minecraft:mob_kills":4,"minecraft:interact_with_crafting_table":4,"minecraft:leave_game":2,"minecraft:time_since_death":52109,"minecraft:climb_one_cm":3662,"minecraft:time_since_rest":51695,"minecraft:sprint_one_cm":43072,"minecraft:damage_taken":490,"minecraft:walk_one_cm":86267,"minecraft:drop":6,"minecraft:damage_dealt":795,"minecraft:swim_one_cm":25877,"minecraft:fly_one_cm":34976,"minecraft:open_chest":1,"minecraft:play_time":53639,"tombstone:undead_killed":1,"minecraft:deaths":1,"minecraft:walk_under_water_one_cm":16980,"minecraft:jump":502,"minecraft:walk_on_water_one_cm":31489,"minecraft:total_world_time":53639,"minecraft:fall_one_cm":9500},"minecraft:crafted":{"minecraft:oak_planks":28,"minecraft:crafting_table":1,"minecraft:wooden_pickaxe":1,"minecraft:furnace":1,"minecraft:stone_axe":1,"minecraft:cooked_mutton":1,"minecraft:stick":8,"minecraft:stone_pickaxe":1,"minecraft:wooden_axe":1}},"DataVersion":3465}