{"stats":{"minecraft:picked_up":{"minecraft:oak_log":6,"minecraft:oak_sapling":1,"minecraft:sugar_cane":42,"minecraft:mutton":1,"minecraft:dirt":2,"minecraft:white_wool":1},"minecraft:custom":{"minecraft:time_since_rest":10733,"minecraft:walk_one_cm":20278,"minecraft:play_time":12677,"minecraft:sprint_one_cm":31038,"minecraft:damage_taken":350,"minecraft:deaths":1,"minecraft:walk_under_water_one_cm":4347,"minecraft:mob_kills":1,"minecraft:jump":147,"minecraft:damage_dealt":119,"minecraft:time_since_death":11147,"minecraft:walk_on_water_one_cm":19461,"minecraft:total_world_time":12677,"minecraft:climb_one_cm":2027,"minecraft:swim_one_cm":15424,"minecraft:fall_one_cm":1312,"minecraft:fly_one_cm":20984},"minecraft:used":{"alexsmobs:animal_dictionary":1},"minecraft:killed":{"minecraft:sheep":1},"minecraft:killed_by":{"undead_revamp2:the_moonflower":1},"minecraft:mined":{"minecraft:grass":3,"minecraft:grass_block":2,"minecraft:oak_log":6,"minecraft:vine":3,"minecraft:dead_bush":1,"minecraft:sugar_cane":26,"minecraft:oak_leaves":3}},"DataVersion":3465}