{"stats":{"minecraft:used":{"minecraft:wooden_axe":3,"minecraft:diorite":1,"minecraft:wooden_pickaxe":45,"minecraft:gravel":4,"minecraft:stone_axe":11,"minecraft:dirt":29,"minecraft:cobblestone":8,"minecraft:crafting_table":2,"tombstone:gift":2,"alexsmobs:animal_dictionary":1},"minecraft:mined":{"minecraft:spruce_log":16,"minecraft:crafting_table":1,"minecraft:grass":2,"minecraft:grass_block":5,"minecraft:gravel":4,"minecraft:dirt":25,"minecraft:packed_ice":1,"minecraft:spruce_leaves":3,"minecraft:stone":28,"minecraft:diorite":1},"minecraft:picked_up":{"minecraft:crafting_table":1,"minecraft:gravel":4,"minecraft:diorite":1,"minecraft:spruce_log":15,"minecraft:dirt":29,"supplementaries:ash":2,"minecraft:cobblestone":26},"minecraft:dropped":{"supplementaries:ash":1},"minecraft:custom":{"minecraft:time_since_rest":7289,"minecraft:sprint_one_cm":36499,"minecraft:damage_taken":525,"minecraft:walk_one_cm":24098,"minecraft:drop":1,"minecraft:damage_dealt":116,"minecraft:fly_one_cm":75397,"minecraft:interact_with_crafting_table":2,"minecraft:play_time":51434,"minecraft:deaths":2,"minecraft:sneak_time":12,"minecraft:jump":348,"minecraft:leave_game":1,"minecraft:time_since_death":8699,"minecraft:total_world_time":51434,"minecraft:fall_one_cm":13901},"minecraft:crafted":{"minecraft:crafting_table":1,"minecraft:spruce_planks":20,"minecraft:stick":12,"minecraft:wooden_pickaxe":1,"minecraft:stone_pickaxe":1,"minecraft:wooden_axe":1,"minecraft:stone_axe":1}},"DataVersion":3465}