{"stats":{"minecraft:killed":{"illagerinvasion:archivist":3,"minecraft:evoker":1,"minecraft:vindicator":3,"illagerinvasion:marauder":1,"undead_revamp2:bomber":1,"illagerinvasion:basher":2,"minecraft:sheep":1,"minecraft:skeleton":1,"alexsmobs:terrapin":1,"naturalist:bass":1,"illagerinvasion:provoker":1},"minecraft:killed_by":{"undead_revamp2:the_moonflower":1,"alexsmobs:capuchin_monkey":1,"illagerinvasion:provoker":1,"minecraft:vex":1},"minecraft:mined":{"minecraft:redstone_block":1,"luminousworld:grassvariant_4":5,"minecraft:jungle_leaves":23,"minecraft:dark_oak_log":1,"minecraft:soul_lantern":1,"minecraft:crafting_table":3,"minecraft:grass_block":27,"luminousworld:clovers_4":1,"minecraft:jungle_log":2,"minecraft:dead_bush":1,"iceandfire:fire_lily":1,"luminousworld:clovers_2":1,"minecraft:sugar_cane":30,"minecraft:wall_torch":3,"minecraft:diorite":2,"minecraft:spawner":2,"minecraft:chiseled_stone_bricks":2,"minecraft:skeleton_skull":1,"minecraft:magma_block":1,"luminousworld:clovers_1":1,"minecraft:furnace":1,"minecraft:fire":21,"minecraft:birch_trapdoor":1,"minecraft:black_carpet":6,"minecraft:grass":76,"minecraft:coal_ore":18,"minecraft:oak_log":20,"minecraft:flowering_azalea_leaves":1,"minecraft:vine":4,"ecologics:azalea_log":1,"ecologics:flowering_azalea_log":1,"minecraft:dirt":11,"minecraft:stone":48,"minecraft:azalea_leaves":1,"luminousworld:groundpebbles_2":5,"minecraft:bamboo":1,"minecraft:stone_bricks":1,"quark:crimson_chest":1,"luminousworld:decorative_brown_2":1,"minecraft:netherrack":7,"minecraft:oak_leaves":5,"minecraft:fern":30,"luminousworld:creepbush":4},"minecraft:used":{"minecraft:cooked_mutton":1,"minecraft:iron_bars":1,"minecraft:stone_pickaxe":134,"minecraft:black_carpet":1,"minecraft:wooden_pickaxe":14,"minecraft:iron_sword":95,"minecraft:netherrack":15,"minecraft:oak_door":1,"minecraft:dirt":28,"minecraft:crafting_table":3,"luminousworld:creepberries":1,"minecraft:wooden_axe":13,"minecraft:iron_axe":22,"minecraft:cyan_bed":1,"quark:pickarang":99,"minecraft:stone_axe":146,"born_in_chaos_v1:spawn_structures_farm":1,"minecraft:furnace":2,"twilightforest:yeti_chestplate":1,"tombstone:gift":4,"alexsmobs:animal_dictionary":1,"minecraft:cooked_beef":15,"born_in_chaos_v1:nightmare_mantleofthe_night_boots":1},"minecraft:crafted":{"minecraft:oak_planks":28,"minecraft:crafting_table":1,"minecraft:wooden_pickaxe":1,"minecraft:furnace":1,"minecraft:stone_axe":1,"minecraft:cooked_mutton":1,"minecraft:stick":8,"minecraft:stone_pickaxe":1,"minecraft:wooden_axe":1},"minecraft:custom":{"minecraft:interact_with_furnace":2,"minecraft:mob_kills":16,"tombstone:raider_killed":11,"minecraft:interact_with_crafting_table":4,"minecraft:leave_game":3,"minecraft:time_since_death":44021,"minecraft:sleep_in_bed":1,"minecraft:climb_one_cm":9649,"minecraft:time_since_rest":8941,"minecraft:sprint_one_cm":217477,"minecraft:damage_taken":3650,"minecraft:walk_one_cm":293273,"minecraft:drop":20,"minecraft:damage_dealt":4491,"minecraft:swim_one_cm":46506,"minecraft:fly_one_cm":357347,"minecraft:open_chest":16,"minecraft:crouch_one_cm":657,"minecraft:play_time":144779,"minecraft:sneak_time":537,"tombstone:undead_killed":2,"minecraft:deaths":6,"minecraft:walk_under_water_one_cm":43029,"minecraft:jump":1521,"minecraft:walk_on_water_one_cm":95020,"minecraft:total_world_time":144779,"minecraft:fall_one_cm":31336},"minecraft:picked_up":{"quark:crimson_chest":1,"ecologics:flowering_azalea_log":1,"luminousworld:groundpebbles_1":10,"minecraft:crafting_table":3,"minecraft:magma_block":1,"minecraft:black_carpet":8,"luminousworld:decorative_brown_2":1,"minecraft:redstone_block":2,"minecraft:jungle_log":2,"iceandfire:fire_lily":1,"minecraft:oak_log":20,"tombstone:grave_key":3,"minecraft:dirt":35,"minecraft:paper":3,"naturalist:bass":1,"minecraft:bone":1,"minecraft:stone_bricks":1,"minecraft:wheat_seeds":16,"minecraft:stone_pickaxe":5,"quark:pickarang":1,"minecraft:jungle_sapling":1,"minecraft:azalea":1,"minecraft:iron_nugget":13,"minecraft:bamboo":11,"minecraft:sugar_cane":54,"minecraft:iron_sword":2,"minecraft:flowering_azalea":1,"minecraft:iron_boots":1,"minecraft:egg":2,"minecraft:furnace":1,"minecraft:book":1,"luminousworld:clovers_1":3,"ecologics:azalea_log":1,"minecraft:birch_trapdoor":1,"minecraft:chiseled_stone_bricks":2,"luminousworld:creepberries":4,"minecraft:torch":3,"minecraft:diorite":2,"minecraft:dark_oak_log":2,"alexsmobs:animal_dictionary":1,"minecraft:bundle":1,"minecraft:arrow":2,"minecraft:rotten_flesh":1,"minecraft:stone_axe":4,"minecraft:soul_lantern":1,"minecraft:emerald":6,"minecraft:totem_of_undying":1,"minecraft:coal":18,"minecraft:oak_sapling":1,"minecraft:netherrack":15,"minecraft:mutton":1,"minecraft:iron_bars":1,"minecraft:skeleton_skull":1,"minecraft:white_wool":1,"minecraft:cobblestone":48},"minecraft:dropped":{"quark:pickarang":1,"minecraft:iron_sword":2,"minecraft:stone_axe":4,"alexsmobs:animal_dictionary":1,"minecraft:black_carpet":2,"minecraft:iron_boots":1,"minecraft:dark_oak_log":1,"tombstone:grave_key":3,"minecraft:stone_pickaxe":5}},"DataVersion":3465}