{"stats":{"minecraft:mined":{"luminousworld:clovers_1":1,"luminousworld:grassvariant_4":5,"minecraft:crafting_table":2,"minecraft:grass":17,"minecraft:grass_block":21,"minecraft:oak_log":18,"luminousworld:clovers_4":1,"minecraft:vine":3,"minecraft:dead_bush":1,"minecraft:dirt":9,"luminousworld:clovers_2":1,"luminousworld:groundpebbles_2":5,"luminousworld:decorative_brown_2":1,"minecraft:stone":42,"minecraft:sugar_cane":26,"minecraft:oak_leaves":4,"minecraft:fern":7},"minecraft:crafted":{"minecraft:oak_planks":28,"minecraft:crafting_table":1,"minecraft:stick":8,"minecraft:wooden_pickaxe":1,"minecraft:stone_pickaxe":1,"minecraft:wooden_axe":1,"minecraft:stone_axe":1},"minecraft:picked_up":{"luminousworld:groundpebbles_1":6,"minecraft:crafting_table":2,"luminousworld:decorative_brown_2":1,"luminousworld:clovers_1":3,"minecraft:oak_log":18,"alexsmobs:animal_dictionary":1,"minecraft:dirt":27,"minecraft:rotten_flesh":1,"minecraft:wheat_seeds":1,"minecraft:oak_sapling":1,"minecraft:sugar_cane":42,"minecraft:mutton":1,"minecraft:white_wool":1,"minecraft:cobblestone":42},"minecraft:killed":{"minecraft:sheep":1,"undead_revamp2:bomber":1},"minecraft:dropped":{"alexsmobs:animal_dictionary":1},"minecraft:killed_by":{"undead_revamp2:the_moonflower":1},"minecraft:used":{"minecraft:wooden_axe":13,"minecraft:stone_pickaxe":64,"minecraft:wooden_pickaxe":14,"minecraft:stone_axe":43,"minecraft:dirt":5,"minecraft:crafting_table":2,"alexsmobs:animal_dictionary":1},"minecraft:custom":{"minecraft:time_since_rest":36266,"minecraft:sprint_one_cm":35470,"minecraft:damage_taken":460,"minecraft:walk_one_cm":58689,"minecraft:mob_kills":2,"minecraft:drop":1,"minecraft:damage_dealt":665,"minecraft:swim_one_cm":19941,"minecraft:interact_with_crafting_table":3,"minecraft:fly_one_cm":22432,"tombstone:undead_killed":1,"minecraft:play_time":38210,"minecraft:deaths":1,"minecraft:walk_under_water_one_cm":10344,"minecraft:jump":358,"minecraft:leave_game":1,"minecraft:walk_on_water_one_cm":24705,"minecraft:time_since_death":36680,"minecraft:climb_one_cm":2027,"minecraft:total_world_time":38210,"minecraft:fall_one_cm":6609}},"DataVersion":3465}