{"stats":{"minecraft:picked_up":{"minecraft:crafting_table":1,"minecraft:oak_log":18,"minecraft:dirt":4,"alexsmobs:animal_dictionary":1,"minecraft:oak_sapling":1,"minecraft:sugar_cane":42,"minecraft:mutton":1,"minecraft:white_wool":1,"minecraft:cobblestone":42},"minecraft:custom":{"minecraft:time_since_rest":25401,"minecraft:sprint_one_cm":35143,"minecraft:damage_taken":350,"minecraft:walk_one_cm":28640,"minecraft:mob_kills":1,"minecraft:drop":1,"minecraft:damage_dealt":119,"minecraft:fly_one_cm":21228,"minecraft:swim_one_cm":19941,"minecraft:interact_with_crafting_table":3,"minecraft:play_time":27345,"minecraft:deaths":1,"minecraft:walk_under_water_one_cm":5104,"minecraft:jump":155,"minecraft:leave_game":1,"minecraft:walk_on_water_one_cm":20563,"minecraft:time_since_death":25815,"minecraft:climb_one_cm":2027,"minecraft:total_world_time":27345,"minecraft:fall_one_cm":1312},"minecraft:used":{"minecraft:wooden_axe":13,"minecraft:stone_pickaxe":29,"minecraft:wooden_pickaxe":14,"minecraft:dirt":3,"minecraft:crafting_table":2,"alexsmobs:animal_dictionary":1},"minecraft:dropped":{"alexsmobs:animal_dictionary":1},"minecraft:killed":{"minecraft:sheep":1},"minecraft:killed_by":{"undead_revamp2:the_moonflower":1},"minecraft:mined":{"minecraft:crafting_table":1,"minecraft:grass":3,"minecraft:grass_block":3,"minecraft:oak_log":18,"minecraft:vine":3,"minecraft:dead_bush":1,"minecraft:dirt":1,"minecraft:stone":42,"minecraft:sugar_cane":26,"minecraft:oak_leaves":4},"minecraft:crafted":{"minecraft:oak_planks":28,"minecraft:crafting_table":1,"minecraft:stick":8,"minecraft:wooden_pickaxe":1,"minecraft:stone_pickaxe":1,"minecraft:wooden_axe":1,"minecraft:stone_axe":1}},"DataVersion":3465}