{"stats":{"minecraft:used":{"minecraft:wooden_axe":3,"minecraft:dirt":3,"minecraft:crafting_table":1,"tombstone:gift":2,"alexsmobs:animal_dictionary":1},"minecraft:mined":{"minecraft:grass":2,"minecraft:grass_block":3,"minecraft:dirt":6,"minecraft:packed_ice":1,"minecraft:spruce_leaves":3,"minecraft:spruce_log":5,"minecraft:crafting_table":1},"minecraft:picked_up":{"minecraft:crafting_table":1,"minecraft:spruce_log":5,"supplementaries:ash":2,"minecraft:dirt":9},"minecraft:dropped":{"supplementaries:ash":1},"minecraft:custom":{"minecraft:time_since_rest":1,"minecraft:deaths":2,"minecraft:sprint_one_cm":29192,"minecraft:play_time":43414,"minecraft:damage_taken":465,"minecraft:walk_one_cm":16389,"minecraft:sneak_time":12,"minecraft:drop":1,"minecraft:jump":206,"minecraft:leave_game":1,"minecraft:damage_dealt":116,"minecraft:time_since_death":679,"minecraft:total_world_time":43414,"minecraft:interact_with_crafting_table":1,"minecraft:fall_one_cm":8871,"minecraft:fly_one_cm":56378},"minecraft:crafted":{"minecraft:crafting_table":1,"minecraft:spruce_planks":20,"minecraft:stick":12,"minecraft:wooden_pickaxe":1,"minecraft:wooden_axe":1}},"DataVersion":3465}