{"stats":{"minecraft:killed":{"illagerinvasion:archivist":2,"illagerinvasion:marauder":1,"undead_revamp2:bomber":1,"illagerinvasion:basher":2,"minecraft:sheep":1,"alexsmobs:terrapin":1,"naturalist:bass":1},"minecraft:used":{"minecraft:cooked_mutton":1,"minecraft:iron_bars":1,"minecraft:stone_pickaxe":132,"minecraft:wooden_pickaxe":14,"minecraft:netherrack":15,"minecraft:dirt":28,"minecraft:crafting_table":3,"luminousworld:creepberries":1,"minecraft:wooden_axe":13,"minecraft:iron_axe":16,"minecraft:stone_axe":146,"minecraft:furnace":2,"alexsmobs:animal_dictionary":1,"tombstone:gift":2,"minecraft:cooked_beef":2},"minecraft:mined":{"minecraft:redstone_block":1,"luminousworld:grassvariant_4":5,"minecraft:jungle_leaves":23,"minecraft:dark_oak_log":1,"minecraft:crafting_table":3,"minecraft:grass_block":21,"luminousworld:clovers_4":1,"minecraft:dead_bush":1,"iceandfire:fire_lily":1,"luminousworld:clovers_2":1,"minecraft:sugar_cane":30,"minecraft:diorite":2,"minecraft:skeleton_skull":1,"minecraft:magma_block":1,"luminousworld:clovers_1":1,"minecraft:furnace":1,"minecraft:fire":21,"minecraft:grass":74,"minecraft:oak_log":18,"minecraft:flowering_azalea_leaves":1,"minecraft:vine":4,"ecologics:azalea_log":1,"ecologics:flowering_azalea_log":1,"minecraft:dirt":10,"luminousworld:groundpebbles_2":5,"minecraft:azalea_leaves":1,"minecraft:bamboo":1,"luminousworld:decorative_brown_2":1,"quark:crimson_chest":1,"minecraft:stone_bricks":1,"minecraft:stone":42,"minecraft:netherrack":7,"minecraft:oak_leaves":4,"minecraft:fern":28,"luminousworld:creepbush":4},"minecraft:killed_by":{"undead_revamp2:the_moonflower":1,"alexsmobs:capuchin_monkey":1,"minecraft:vex":1},"minecraft:picked_up":{"quark:crimson_chest":1,"ecologics:flowering_azalea_log":1,"luminousworld:groundpebbles_1":6,"minecraft:crafting_table":3,"minecraft:magma_block":1,"luminousworld:decorative_brown_2":1,"minecraft:redstone_block":2,"iceandfire:fire_lily":1,"tombstone:grave_key":1,"minecraft:oak_log":18,"minecraft:dirt":28,"minecraft:paper":3,"naturalist:bass":1,"minecraft:stone_bricks":1,"minecraft:wheat_seeds":13,"minecraft:stone_pickaxe":5,"minecraft:jungle_sapling":1,"minecraft:azalea":1,"minecraft:iron_nugget":13,"minecraft:bamboo":11,"minecraft:sugar_cane":54,"minecraft:flowering_azalea":1,"minecraft:egg":2,"minecraft:furnace":1,"luminousworld:clovers_1":3,"ecologics:azalea_log":1,"luminousworld:creepberries":4,"minecraft:diorite":2,"minecraft:dark_oak_log":2,"alexsmobs:animal_dictionary":1,"minecraft:rotten_flesh":1,"minecraft:stone_axe":4,"minecraft:emerald":2,"minecraft:oak_sapling":1,"minecraft:netherrack":15,"minecraft:mutton":1,"minecraft:iron_bars":1,"minecraft:skeleton_skull":1,"minecraft:white_wool":1,"minecraft:cobblestone":42},"minecraft:dropped":{"minecraft:stone_axe":4,"alexsmobs:animal_dictionary":1,"minecraft:dark_oak_log":1,"tombstone:grave_key":1,"minecraft:stone_pickaxe":5},"minecraft:custom":{"minecraft:interact_with_furnace":2,"minecraft:mob_kills":9,"tombstone:raider_killed":5,"minecraft:interact_with_crafting_table":4,"minecraft:leave_game":3,"minecraft:time_since_death":3491,"minecraft:climb_one_cm":5794,"minecraft:time_since_rest":1807,"minecraft:sprint_one_cm":101868,"minecraft:damage_taken":2140,"minecraft:walk_one_cm":153389,"minecraft:drop":12,"minecraft:damage_dealt":2049,"minecraft:swim_one_cm":46477,"minecraft:fly_one_cm":176080,"minecraft:open_chest":8,"minecraft:crouch_one_cm":620,"minecraft:play_time":97236,"tombstone:undead_killed":1,"minecraft:deaths":5,"minecraft:sneak_time":306,"minecraft:walk_under_water_one_cm":38205,"minecraft:jump":994,"minecraft:walk_on_water_one_cm":86502,"minecraft:total_world_time":97236,"minecraft:fall_one_cm":14439},"minecraft:crafted":{"minecraft:oak_planks":28,"minecraft:crafting_table":1,"minecraft:wooden_pickaxe":1,"minecraft:furnace":1,"minecraft:stone_axe":1,"minecraft:cooked_mutton":1,"minecraft:stick":8,"minecraft:stone_pickaxe":1,"minecraft:wooden_axe":1}},"DataVersion":3465}