{"stats":{"minecraft:killed":{"undead_revamp2:bomber":1,"illagerinvasion:basher":1,"minecraft:sheep":1,"alexsmobs:terrapin":1,"naturalist:bass":1},"minecraft:used":{"minecraft:cooked_mutton":1,"minecraft:iron_bars":1,"minecraft:stone_pickaxe":128,"minecraft:wooden_pickaxe":14,"minecraft:netherrack":15,"minecraft:dirt":28,"minecraft:crafting_table":3,"luminousworld:creepberries":1,"minecraft:wooden_axe":13,"minecraft:stone_axe":143,"minecraft:furnace":2,"alexsmobs:animal_dictionary":1,"tombstone:gift":2},"minecraft:mined":{"luminousworld:grassvariant_4":5,"minecraft:jungle_leaves":23,"minecraft:dark_oak_log":1,"minecraft:crafting_table":3,"minecraft:grass_block":21,"luminousworld:clovers_4":1,"minecraft:dead_bush":1,"iceandfire:fire_lily":1,"luminousworld:clovers_2":1,"minecraft:sugar_cane":30,"minecraft:magma_block":1,"luminousworld:clovers_1":1,"minecraft:furnace":1,"minecraft:fire":21,"minecraft:grass":70,"minecraft:oak_log":18,"minecraft:flowering_azalea_leaves":1,"minecraft:vine":4,"ecologics:azalea_log":1,"ecologics:flowering_azalea_log":1,"minecraft:dirt":10,"luminousworld:groundpebbles_2":5,"minecraft:azalea_leaves":1,"minecraft:bamboo":1,"luminousworld:decorative_brown_2":1,"quark:crimson_chest":1,"minecraft:stone_bricks":1,"minecraft:stone":42,"minecraft:netherrack":7,"minecraft:oak_leaves":4,"minecraft:fern":27,"luminousworld:creepbush":4},"minecraft:killed_by":{"undead_revamp2:the_moonflower":1},"minecraft:picked_up":{"quark:crimson_chest":1,"ecologics:flowering_azalea_log":1,"luminousworld:groundpebbles_1":6,"minecraft:magma_block":1,"minecraft:crafting_table":3,"luminousworld:decorative_brown_2":1,"iceandfire:fire_lily":1,"minecraft:oak_log":18,"minecraft:dirt":28,"naturalist:bass":1,"minecraft:stone_bricks":1,"minecraft:wheat_seeds":11,"minecraft:stone_pickaxe":5,"minecraft:jungle_sapling":1,"minecraft:azalea":1,"minecraft:iron_nugget":6,"minecraft:bamboo":11,"minecraft:sugar_cane":54,"minecraft:flowering_azalea":1,"minecraft:furnace":1,"luminousworld:clovers_1":3,"ecologics:azalea_log":1,"luminousworld:creepberries":4,"minecraft:dark_oak_log":1,"alexsmobs:animal_dictionary":1,"minecraft:rotten_flesh":1,"minecraft:stone_axe":3,"minecraft:oak_sapling":1,"minecraft:netherrack":15,"minecraft:mutton":1,"minecraft:iron_bars":1,"minecraft:white_wool":1,"minecraft:cobblestone":42},"minecraft:dropped":{"minecraft:stone_axe":3,"alexsmobs:animal_dictionary":1,"minecraft:stone_pickaxe":5},"minecraft:custom":{"minecraft:interact_with_furnace":2,"minecraft:mob_kills":5,"tombstone:raider_killed":1,"minecraft:interact_with_crafting_table":4,"minecraft:leave_game":2,"minecraft:time_since_death":9940,"minecraft:climb_one_cm":5126,"minecraft:time_since_rest":7541,"minecraft:sprint_one_cm":58425,"minecraft:damage_taken":1400,"minecraft:walk_one_cm":110104,"minecraft:drop":9,"minecraft:damage_dealt":1076,"minecraft:swim_one_cm":33878,"minecraft:fly_one_cm":50202,"minecraft:open_chest":1,"minecraft:crouch_one_cm":620,"minecraft:play_time":65639,"tombstone:undead_killed":1,"minecraft:deaths":2,"minecraft:sneak_time":306,"minecraft:walk_under_water_one_cm":20155,"minecraft:jump":629,"minecraft:walk_on_water_one_cm":37800,"minecraft:total_world_time":65639,"minecraft:fall_one_cm":11288},"minecraft:crafted":{"minecraft:oak_planks":28,"minecraft:crafting_table":1,"minecraft:wooden_pickaxe":1,"minecraft:furnace":1,"minecraft:stone_axe":1,"minecraft:cooked_mutton":1,"minecraft:stick":8,"minecraft:stone_pickaxe":1,"minecraft:wooden_axe":1}},"DataVersion":3465}