{"stats":{"minecraft:killed":{"illagerinvasion:archivist":3,"minecraft:evoker":1,"minecraft:vindicator":3,"illagerinvasion:marauder":1,"undead_revamp2:bomber":1,"illagerinvasion:basher":2,"minecraft:sheep":1,"alexsmobs:terrapin":1,"naturalist:bass":1,"illagerinvasion:provoker":1},"minecraft:killed_by":{"undead_revamp2:the_moonflower":1,"alexsmobs:capuchin_monkey":1,"illagerinvasion:provoker":1,"minecraft:vex":1},"minecraft:mined":{"minecraft:redstone_block":1,"luminousworld:grassvariant_4":5,"minecraft:jungle_leaves":23,"minecraft:dark_oak_log":1,"minecraft:crafting_table":3,"minecraft:grass_block":26,"luminousworld:clovers_4":1,"minecraft:jungle_log":2,"minecraft:dead_bush":1,"iceandfire:fire_lily":1,"luminousworld:clovers_2":1,"minecraft:sugar_cane":30,"minecraft:wall_torch":3,"minecraft:diorite":2,"minecraft:chiseled_stone_bricks":2,"minecraft:skeleton_skull":1,"minecraft:magma_block":1,"luminousworld:clovers_1":1,"minecraft:furnace":1,"minecraft:fire":21,"minecraft:black_carpet":6,"minecraft:grass":74,"minecraft:oak_log":20,"minecraft:flowering_azalea_leaves":1,"minecraft:vine":4,"ecologics:azalea_log":1,"ecologics:flowering_azalea_log":1,"minecraft:dirt":11,"minecraft:stone":42,"minecraft:azalea_leaves":1,"luminousworld:groundpebbles_2":5,"minecraft:bamboo":1,"minecraft:stone_bricks":1,"quark:crimson_chest":1,"luminousworld:decorative_brown_2":1,"minecraft:netherrack":7,"minecraft:oak_leaves":5,"minecraft:fern":30,"luminousworld:creepbush":4},"minecraft:used":{"minecraft:cooked_mutton":1,"minecraft:iron_bars":1,"minecraft:stone_pickaxe":134,"minecraft:black_carpet":1,"minecraft:wooden_pickaxe":14,"minecraft:iron_sword":74,"minecraft:netherrack":15,"minecraft:dirt":28,"minecraft:crafting_table":3,"luminousworld:creepberries":1,"minecraft:wooden_axe":13,"minecraft:iron_axe":22,"quark:pickarang":25,"minecraft:stone_axe":146,"minecraft:furnace":2,"twilightforest:yeti_chestplate":1,"tombstone:gift":4,"alexsmobs:animal_dictionary":1,"minecraft:cooked_beef":11,"born_in_chaos_v1:nightmare_mantleofthe_night_boots":1},"minecraft:crafted":{"minecraft:oak_planks":28,"minecraft:crafting_table":1,"minecraft:wooden_pickaxe":1,"minecraft:furnace":1,"minecraft:stone_axe":1,"minecraft:cooked_mutton":1,"minecraft:stick":8,"minecraft:stone_pickaxe":1,"minecraft:wooden_axe":1},"minecraft:custom":{"minecraft:interact_with_furnace":2,"minecraft:mob_kills":15,"tombstone:raider_killed":11,"minecraft:interact_with_crafting_table":4,"minecraft:leave_game":3,"minecraft:time_since_death":32021,"minecraft:climb_one_cm":9339,"minecraft:time_since_rest":31878,"minecraft:sprint_one_cm":162376,"minecraft:damage_taken":3285,"minecraft:walk_one_cm":242325,"minecraft:drop":17,"minecraft:damage_dealt":3921,"minecraft:swim_one_cm":46506,"minecraft:fly_one_cm":302636,"minecraft:open_chest":16,"minecraft:crouch_one_cm":657,"minecraft:play_time":132779,"minecraft:sneak_time":537,"tombstone:undead_killed":1,"minecraft:deaths":6,"minecraft:walk_under_water_one_cm":42901,"minecraft:jump":1315,"minecraft:walk_on_water_one_cm":94136,"minecraft:total_world_time":132779,"minecraft:fall_one_cm":24564},"minecraft:picked_up":{"quark:crimson_chest":1,"ecologics:flowering_azalea_log":1,"luminousworld:groundpebbles_1":6,"minecraft:crafting_table":3,"minecraft:magma_block":1,"minecraft:black_carpet":8,"luminousworld:decorative_brown_2":1,"minecraft:redstone_block":2,"minecraft:jungle_log":2,"iceandfire:fire_lily":1,"minecraft:oak_log":20,"tombstone:grave_key":3,"minecraft:dirt":34,"minecraft:paper":3,"naturalist:bass":1,"minecraft:stone_bricks":1,"minecraft:wheat_seeds":16,"minecraft:stone_pickaxe":5,"minecraft:jungle_sapling":1,"minecraft:azalea":1,"minecraft:iron_nugget":13,"minecraft:bamboo":11,"minecraft:sugar_cane":54,"minecraft:iron_sword":1,"minecraft:flowering_azalea":1,"minecraft:egg":2,"minecraft:furnace":1,"minecraft:book":1,"luminousworld:clovers_1":3,"ecologics:azalea_log":1,"minecraft:chiseled_stone_bricks":2,"luminousworld:creepberries":4,"minecraft:torch":3,"minecraft:diorite":2,"minecraft:dark_oak_log":2,"alexsmobs:animal_dictionary":1,"minecraft:arrow":2,"minecraft:rotten_flesh":1,"minecraft:stone_axe":4,"minecraft:emerald":6,"minecraft:totem_of_undying":1,"minecraft:oak_sapling":1,"minecraft:netherrack":15,"minecraft:mutton":1,"minecraft:iron_bars":1,"minecraft:skeleton_skull":1,"minecraft:white_wool":1,"minecraft:cobblestone":42},"minecraft:dropped":{"minecraft:iron_sword":1,"minecraft:stone_axe":4,"alexsmobs:animal_dictionary":1,"minecraft:black_carpet":2,"minecraft:dark_oak_log":1,"tombstone:grave_key":3,"minecraft:stone_pickaxe":5}},"DataVersion":3465}